0;sensor-0
1;sensor-1
2;sensor-2
3;sensor-3
4;sensor-4
5;sensor-5
6;sensor-6
7;sensor-7
8;sensor-8
9;sensor-9
10;sensor-10
11;sensor-11
12;sensor-12
13;sensor-13
14;sensor-14
15;sensor-15
16;sensor-16
17;sensor-17
18;sensor-18
19;sensor-19
20;sensor-20
21;sensor-21
22;sensor-22
23;sensor-23
24;sensor-24
25;sensor-25
26;sensor-26
27;sensor-27
28;sensor-28
29;sensor-29
30;sensor-30
31;sensor-31
32;sensor-32
33;sensor-33
34;sensor-34
35;sensor-35
36;sensor-36
37;sensor-37
38;sensor-38
39;sensor-39
40;sensor-40
41;sensor-41
42;sensor-42
43;sensor-43
44;sensor-44
45;sensor-45
46;sensor-46
47;sensor-47
48;sensor-48
49;sensor-49
50;sensor-50
51;sensor-51
52;sensor-52
53;sensor-53
54;sensor-54
55;sensor-55
56;sensor-56
57;sensor-57
58;sensor-58
59;sensor-59
60;sensor-60
61;sensor-61
62;sensor-62
63;sensor-63
64;sensor-64
65;sensor-65
66;sensor-66
67;sensor-67
68;sensor-68
69;sensor-69
70;sensor-70
71;sensor-71
72;sensor-72
73;sensor-73
74;sensor-74
75;sensor-75
76;sensor-76
77;sensor-77
78;sensor-78
79;sensor-79
80;sensor-80
81;sensor-81
82;sensor-82
83;sensor-83
84;sensor-84
85;sensor-85
86;sensor-86
87;sensor-87
88;sensor-88
89;sensor-89
90;sensor-90
91;sensor-91
92;sensor-92
93;sensor-93
94;sensor-94
95;sensor-95
96;sensor-96
97;sensor-97
98;sensor-98
99;sensor-99
100;sensor-100
